wos_accession_number,doi,publication_year
WOS:A1995QL83100009,10.2175/106143095X131349,1995
WOS:A1995RW01400014,10.2166/wst.1995.0409,1995
WOS:A1995RW01400017,10.1016/0273-1223(95)00463-W,1995
WOS:A1995RC29600008,10.1037/0735-7044.109.3.446,1995
WOS:A1995RW01400030,10.1016/0273-1223(95)00476-4,1995
WOS:A1995RW01400003,10.1016/0273-1223(95)00449-W,1995
WOS:A1995RW01400004,10.2166/wst.1995.0390,1995
WOS:A1995RW01400037,10.1016/0273-1223(95)00483-4,1995
WOS:A1995RW01400036,10.1016/0273-1223(95)00482-3,1995
WOS:A1995RW01400002,10.1016/0273-1223(95)00448-V,1995
WOS:A1995RW01400010,10.1016/0273-1223(95)00456-W,1995
WOS:A1995RW01400031,10.1016/0273-1223(95)00477-5,1995
WOS:A1995RW01400033,10.1016/0273-1223(95)00479-7,1995
WOS:A1995RJ48200005,10.1080/01919519508547537,1995
WOS:A1995RW01400015,10.2166/wst.1995.0410,1995
WOS:A1995QU85500010,,1995
WOS:A1995QM54500014,10.1016/0165-3806(94)00202-B,1995
WOS:A1995RW01400006,10.1016/0273-1223(95)00452-S,1995
WOS:A1995RW01400016,10.1016/0273-1223(95)00462-V,1995
WOS:A1995RW01400034,10.1016/0273-1223(95)00480-B,1995
WOS:A1995RW01400009,10.2166/wst.1995.0400,1995
WOS:A1995QW06100012,10.1016/0043-1354(94)00300-V,1995
WOS:A1995RW01400035,10.1016/0273-1223(95)00481-2,1995
WOS:A1995RW01400020,10.1016/0273-1223(95)00466-Z,1995
WOS:A1995TC03800010,,1995
WOS:A1995QM59700006,,1995
WOS:A1995RW01400029,10.1016/0273-1223(95)00475-3,1995
WOS:A1996VU32200010,10.1016/S0165-9936(96)00061-1,1996
WOS:A1996UC90300002,,1996
WOS:A1996WF65000004,,1996
WOS:A1996TM41600012,10.1016/0043-1354(95)00173-5,1996
WOS:A1996UG30300008,,1996
WOS:A1996UP85300014,10.1016/0043-1354(96)00027-9,1996
WOS:A1996UF94100036,10.7589/0090-3558-32.2.395,1996
WOS:A1996UX10100021,10.1006/anbe.1996.0145,1996
WOS:A1996UV22800009,10.1002/(SICI)1098-2302(199607)29:5<417::AID-DEV2>3.0.CO;2-R,1996
WOS:A1996UK01000011,10.1080/13102818.1996.10818883,1996
WOS:A1996TW92000007,10.1136/jech.50.1.18,1996
WOS:A1997XK23500006,10.2166/wst.1997.0294,1997
WOS:A1997VY30800010,10.1016/S0031-9384(96)00322-8,1997
WOS:A1997XH10100011,10.1006/anbe.1996.0384,1997
WOS:A1997XR39300024,10.1016/S0031-9384(97)00172-8,1997
WOS:A1997XY85600008,10.1016/S0160-4120(97)00070-6,1997
WOS:A1997XN75800058,10.1021/es960987y,1997
WOS:A1997WK45600016,10.1016/S0011-9164(97)00017-9,1997
WOS:000071523700010,10.1016/S0950-3293(97)00061-X,1997
WOS:A1997WG34300026,10.1021/es950776d,1997
WOS:A1997WV97000025,10.1016/S0043-1354(96)00362-4,1997
WOS:A1997WJ26900030,10.1021/jf960100h,1997
WOS:A1997XH10100013,10.1006/anbe.1996.0433,1997
WOS:A1997XE04200024,10.1016/S0043-1354(96)00338-7,1997
WOS:A1997XF15400031,10.1016/S0273-1223(97)00137-6,1997
WOS:A1997WV17000018,,1997
WOS:A1997WK45600017,10.1016/S0011-9164(97)00018-0,1997
WOS:A1997XR41000004,10.1016/S0300-483X(97)00076-0,1997
WOS:A1997XF15400020,10.1016/S0273-1223(97)00126-1,1997
WOS:000071584800021,10.1016/S0021-9673(97)00769-3,1997
WOS:A1997XZ97100008,,1997
WOS:000071577500013,10.2166/wst.1997.0436,1997
WOS:A1997WD07300013,10.1016/S0043-1354(96)00254-0,1997
WOS:000071542800003,10.1021/es9704085,1998
WOS:000076476200002,10.1016/S0043-1354(98)00130-4,1998
WOS:000073795400006,10.1016/S0043-1354(97)00388-6,1998
WOS:000074398200002,10.1016/S0031-9384(98)00037-7,1998
WOS:000074675700006,10.1002/pen.10259,1998
WOS:000072231600033,10.1016/S0043-1354(97)00276-5,1998
WOS:000074996300009,10.1016/S0737-0806(98)80040-3,1998
WOS:000074735800019,10.1016/S0043-1354(97)00444-2,1998
WOS:000076971100004,,1998
WOS:000077053700001,10.1111/j.1530-0277.1998.tb03957.x,1998
WOS:000076453400040,10.1039/a803621g,1998
WOS:000077946600012,10.1007/BF02709170,1998
WOS:000077429600006,10.1016/S0043-1354(98)00153-5,1998
WOS:000078691900008,10.1016/S0380-1330(98)70867-6,1998
WOS:000072652800004,10.1016/S0006-3223(97)00436-8,1998
WOS:000076306300004,,1998
WOS:000072683900003,,1998
WOS:000073795400036,10.1016/S0043-1354(97)00379-5,1998
WOS:000075531900013,10.2166/wst.1998.0392,1998
WOS:000074839400015,10.1021/es9709076,1998
WOS:000083324400001,,1999
WOS:000080074800003,10.1080/01919519908547246,1999
WOS:000083324400022,10.1016/S0273-1223(99)00552-1,1999
WOS:000084432800017,10.1081/MA-100101625,1999
WOS:000082623500015,10.1016/S0043-1354(99)00027-5,1999
WOS:000083324400036,10.2166/wst.1999.0307,1999
WOS:000082510600017,10.1016/S0043-1354(99)00155-4,1999
WOS:000083324400026,10.1016/S0273-1223(99)00556-9,1999
WOS:000083324400041,10.1016/S0273-1223(99)00571-5,1999
WOS:000083324400006,10.1016/S0273-1223(99)00536-3,1999
WOS:000083324400023,10.2166/wst.1999.0289,1999
WOS:000079284500006,10.2166/aqua.1999.0003,1999
WOS:000083482500004,10.1080/01919512.1999.10382885,1999
WOS:000079485400003,10.1016/S0043-1354(98)00357-1,1999
WOS:000080074800005,10.1080/01919519908547248,1999
WOS:000079813300004,10.1039/a807714b,1999
WOS:000079158700024,10.1002/(SICI)1522-7278(199902)14:1<183::AID-TOX24>3.0.CO;2-G,1999
WOS:000083324400003,10.2166/wst.1999.0252,1999
WOS:000078203500021,,1999
WOS:000083324400015,10.1016/S0273-1223(99)00545-4,1999
WOS:000080074800002,10.1080/01919519908547244,1999
WOS:000083324400005,10.2166/wst.1999.0256,1999
WOS:000083688900014,10.1021/es990336c,1999
WOS:000083324400033,10.1016/S0273-1223(99)00563-6,1999
WOS:000079811600017,10.1016/S0380-1330(99)70728-8,1999
WOS:000083324400013,10.1016/S0273-1223(99)00543-0,1999
WOS:000083324400039,10.1016/S0273-1223(99)00569-7,1999
WOS:000082750800006,10.1016/S0043-1354(99)00051-2,1999
WOS:000083324400029,10.2166/wst.1999.0300,1999
WOS:000078203500017,,1999
WOS:000083324400016,10.1016/S0273-1223(99)00546-6,1999
WOS:000083324400030,10.1016/S0273-1223(99)00560-0,1999
WOS:000083324400040,10.1016/S0273-1223(99)00570-3,1999
WOS:000080074800010,10.1080/01919519908547253,1999
WOS:000080074800004,10.1080/01919519908547247,1999
WOS:000083324400028,10.2166/wst.1999.0299,1999
WOS:000083324400019,10.2166/wst.1999.0282,1999
WOS:000081510900021,,1999
WOS:000083324400038,10.1016/S0273-1223(99)00568-5,1999
WOS:000168835100036,,2000
WOS:000086264000004,10.2166/aqua.2000.0009,2000
WOS:000165555200008,10.1016/S0149-1970(00)00021-4,2000
WOS:000089504000006,10.1080/03067310008032686,2000
WOS:000086031400031,10.2307/3454438,2000
WOS:000087974200034,10.1021/es9914590,2000
WOS:000087860400015,10.1016/S0308-8146(00)00107-2,2000
WOS:000088475900040,10.2166/wst.2000.0455,2000
WOS:000166245300017,10.1016/S0011-9164(00)00144-2,2000
WOS:000089453500006,,2000
WOS:000087436600024,10.1016/S0043-1354(00)00027-0,2000
WOS:000087929100013,10.1016/S0043-1354(00)00077-4,2000
WOS:000089557100006,10.1016/S0380-1330(00)70695-2,2000
WOS:000089465000021,10.2166/wst.2000.0302,2000
WOS:000168836400019,,2000
WOS:000088630300012,10.1016/S0043-1354(00)00079-8,2000
WOS:000168990800022,10.1039/b008013f,2001
WOS:000168652100012,,2001
WOS:000167682300030,,2001
WOS:000171846000009,10.1039/b102962m,2001
WOS:000169105500003,10.1542/peds.107.6.e88,2001
WOS:000168836700019,,2001
WOS:000167987200013,10.1016/S0043-1354(00)00425-5,2001
WOS:000167283400002,10.1006/nlme.2000.3969,2001
WOS:000167033400017,,2001
WOS:000166952900003,10.2166/wqrj.2001.003,2001
WOS:000172889600049,10.1021/jf010722p,2001
WOS:000172521600009,10.1002/tox.10009,2001
WOS:000177173600014,,2001
WOS:000168836800027,,2001
WOS:000166000200004,10.1002/1098-2302(2001)38:1<46::AID-DEV4>3.0.CO;2-O,2001
WOS:000171840700006,10.1016/S0043-1354(01)00248-2,2001
WOS:000168260000034,10.1021/jf001252m,2001
WOS:000168836600028,10.1002/j.1551-8833.2001.tb09130.x,2001
WOS:000171153700002,,2001
WOS:000169841800007,10.1111/j.1530-0277.2001.tb02307.x,2001
WOS:000172862700001,10.1023/A:1013373420314,2001
WOS:000166602300001,10.1016/S0043-1354(00)00313-4,2001
WOS:000176227300004,10.1093/chemse/27.5.425,2002
WOS:000176713700022,,2002
WOS:000173262400001,10.1016/S0043-1354(01)00253-6,2002
WOS:000177586400010,10.1016/S0960-8524(02)00079-2,2002
WOS:000175817400019,10.1016/S0048-9697(01)01049-X,2002
WOS:000176378600578,,2002
WOS:000180154500007,10.1080/07438140209353938,2002
WOS:000174008200001,,2002
WOS:000178797300001,10.1081/PPT-120014389,2002
WOS:000176112600018,,2002
WOS:000179435100014,,2002
WOS:000175613800009,10.1080/09593332508618412,2002
WOS:000176713700021,,2002
WOS:000179126700013,10.1016/S0165-2370(02)00005-0,2002
WOS:000177109400037,10.1021/jf0255174,2002
WOS:000177352400001,10.2166/aqua.2002.0016,2002
WOS:000178605100009,10.1016/S0008-6223(02)00098-2,2002
WOS:000220669000001,10.1080/01919510208901630,2002
WOS:000179410700006,10.1097/01.ALC.0000036302.73712.9D,2002
WOS:000180466600003,10.2166/aqua.2002.0040,2002
WOS:000176097200002,,2002
WOS:000180693500020,10.1051/lhb/2002069,2002
WOS:000187533900025,,2003
WOS:000185158500004,,2003
WOS:000181037100021,,2003
WOS:000183511100007,10.1021/jf0340207,2003
WOS:000183911200011,10.1080/0307945031000097921,2003
WOS:000186849100001,,2003
WOS:000186296200011,10.1080/02652030310001606014,2003
WOS:000183824200005,10.1021/jf034001x,2003
WOS:000183656600002,10.2166/aqua.2003.0018,2003
WOS:000182181800015,10.1016/S0045-6535(03)00030-4,2003
WOS:000183824200004,10.1021/jf034003h,2003
WOS:000182344600022,10.1016/S0043-1354(02)00576-6,2003
WOS:000181041100007,10.2166/wqrj.2003.007,2003
WOS:000181997000007,10.1016/S0380-1330(03)70416-X,2003
WOS:000183246700012,10.1007/s00216-003-1868-3,2003
WOS:000188064800002,10.2166/aqua.2003.0048,2003
WOS:000184110900011,10.1046/j.1365-2672.2003.01974.x,2003
WOS:000180422800020,10.1016/S0043-1354(02)00372-X,2003
WOS:000180953900016,,2003
WOS:000186003400006,10.1061/(ASCE)0733-9496(2003)129:6(493),2003
WOS:000185701400021,10.1111/1539-6924.00384,2003
WOS:000182256600018,,2003
WOS:000179563500014,10.1016/S0043-1354(02)00271-3,2003
WOS:000183453700047,10.2166/wst.2003.0710,2003
WOS:000224231900018,10.1080/15287390490492377,2004
WOS:000222627900002,10.1080/09603120410001725595,2004
WOS:000222401500035,10.2166/wst.2004.0584,2004
WOS:000222401500011,10.2166/wst.2004.0537,2004
WOS:000223604200021,,2004
WOS:000222401500037,10.2166/wst.2004.0586,2004
WOS:000220576400020,10.1016/j.chroma.2004.02.008,2004
WOS:000222401500030,10.2166/wst.2004.0575,2004
WOS:000221446800008,10.1016/j.foodhyd.2003.10.002,2004
WOS:000222401500013,10.2166/wst.2004.0540,2004
WOS:000221996100006,10.1002/aheh.200200515,2004
WOS:000222401500039,10.2166/wst.2004.0588,2004
WOS:000222401500022,10.2166/wst.2004.0558,2004
WOS:000223649900003,10.1139/s03-078,2004
WOS:000221946500025,10.1016/j.aquaculture.2004.02.020,2004
WOS:000226005200002,,2004
WOS:000224121100005,10.2166/wqrj.2004.029,2004
WOS:000222401500032,10.2166/wst.2004.0579,2004
WOS:000222401500040,10.2166/wst.2004.0589,2004
WOS:000222401500045,10.2166/wst.2004.0594,2004
WOS:000187781800051,10.1021/es026397j,2004
WOS:000224099600016,10.1365/s10337-003-0125-4,2004
WOS:000222401500043,10.2166/wst.2004.0592,2004
WOS:000220173700016,,2004
WOS:000220501400027,10.1016/j.watres.2004.01.008,2004
WOS:000187881200025,10.1016/j.watres.2003.08.026,2004
WOS:000222401500018,10.2166/wst.2004.0550,2004
WOS:000222401500038,10.2166/wst.2004.0587,2004
WOS:000220462200026,10.1016/j.watres.2003.11.036,2004
WOS:000220036100009,,2004
WOS:000225194700012,10.1016/j.watres.2004.08.014,2004
WOS:000222401500031,10.2166/wst.2004.0577,2004
WOS:000222401500012,10.2166/wst.2004.0538,2004
WOS:000222401500017,10.2166/wst.2004.0548,2004
WOS:000222401500006,10.2166/wst.2004.0527,2004
WOS:000223035400021,10.1021/es035021i,2004
WOS:000222401500042,10.2166/wst.2004.0591,2004
WOS:000220046300011,,2004
WOS:000222401500019,10.2166/wst.2004.0552,2004
WOS:000220654300004,10.1002/dev.20004,2004
WOS:000222401500036,10.2166/wst.2004.0585,2004
WOS:000188364500013,10.1016/j.watres.2003.10.054,2004
WOS:000221603100028,10.1016/j.jcis.2004.03.010,2004
WOS:000230724000007,10.1007/s10811-004-5506-z,2004
WOS:000224121100006,10.2166/wqrj.2004.030,2004
WOS:000223543600050,,2004
WOS:000222401500029,10.2166/wst.2004.0573,2004
WOS:000224066100004,10.2166/aqua.2004.0026,2004
WOS:000229662200020,10.1021/es0480264,2005
WOS:000229765500005,10.1007/s00254-005-1222-5,2005
WOS:000234881000008,10.1080/09593332608618607,2005
WOS:000233644300017,10.2166/wst.2005.0245,2005
WOS:000231461500020,10.1016/j.desal.2004.11.068,2005
WOS:000232621800011,10.1897/05-080R.1,2005
WOS:000231335500016,10.1016/j.watres.2005.04.039,2005
WOS:000238034800010,10.1080/10020070512330009,2005
WOS:000231335500021,10.1016/j.watres.2005.04.055,2005
WOS:000227701000003,10.1081/ESE-200048262,2005
WOS:000231165400005,10.1002/tox.20128,2005
WOS:000229662200058,10.1021/es040480k,2005
WOS:000231879100003,10.1007/s10750-004-4665-x,2005
WOS:000230457000009,10.1080/02652030500159987,2005
WOS:000226706700011,10.1016/j.chroma.2004.12.027,2005
WOS:000234411300011,10.1002/jssc.200401944,2005
WOS:000230331400004,10.1002/ffj.1464,2005
WOS:000226450000031,10.1021/jf049582k,2005
WOS:000231583400005,10.2166/aqua.2005.0030,2005
WOS:000230980600018,10.1016/j.watres.2005.04.026,2005
WOS:000234442600006,10.1016/j.watres.2005.06.038,2005
WOS:000230054700032,10.2166/wst.2005.0645,2005
WOS:000226574800028,10.1111/j.1460-9568.2005.03862.x,2005
WOS:000233067200032,10.1016/j.pce.2005.08.031,2005
WOS:000230842700003,10.1080/10643380590966208,2005
WOS:000228953600010,10.1093/jn/135.5.1019,2005
WOS:000239769400017,,2006
WOS:000241703700001,10.1080/01919510600892836,2006
WOS:000242142700007,10.2166/wqrj.2006.033,2006
WOS:000234759500010,,2006
WOS:000242791500002,10.1016/j.chroma.2006.09.087,2006
WOS:000237479100004,,2006
WOS:000238622000009,,2006
WOS:000240730300009,10.1016/j.anbehav.2005.11.015,2006
WOS:000238761600132,,2006
WOS:000239155300032,10.1016/j.chroma.2006.04.079,2006
WOS:000235169400010,10.1111/j.1574-6941.2005.00054.x,2006
WOS:000238932700005,10.1016/j.chemosphere.2005.10.023,2006
WOS:000238014600015,10.1016/j.watres.2006.02.030,2006
WOS:000239731700007,10.1016/j.mcm.2006.01.007,2006
WOS:000236569100004,10.2166/aqua.2005.054,2006
WOS:000238014600001,10.1016/j.watres.2006.02.024,2006
WOS:000240042700020,10.1016/j.scitotenv.2006.01.020,2006
WOS:000241444500008,10.3136/fstr.12.119,2006
WOS:000237479100003,,2006
WOS:000237828900006,10.1016/j.ijheh.2005.12.001,2006
WOS:000235796100021,10.1021/es0512273,2006
WOS:000244539600040,,2006
WOS:000238946800013,10.1080/10934520600754128,2006
WOS:000245786000041,10.2166/wst.2007.057,2007
WOS:000246732500022,10.1016/j.watres.2007.02.005,2007
WOS:000245731800008,10.1016/j.cvfa.2006.12.002,2007
WOS:000246543400031,10.2166/wst.2007.185,2007
WOS:000246543400014,10.2166/wst.2007.168,2007
WOS:000260583100003,,2007
WOS:000251526800017,10.1002/mds.21707,2007
WOS:000247846800010,10.1037/0097-7403.33.3.327,2007
WOS:000246258700009,10.1016/j.bbr.2007.02.012,2007
WOS:000246543400025,10.2166/wst.2007.179,2007
WOS:000248746200006,,2007
WOS:000251391200026,10.1037/0735-7044.121.6.1383,2007
WOS:000247576100008,,2007
WOS:000247318400008,10.1111/j.1530-0277.2007.00400.x,2007
WOS:000246543400015,10.2166/wst.2007.169,2007
WOS:000244410700005,10.1016/j.watres.2006.11.028,2007
WOS:000250290700006,10.1080/13504500709469749,2007
WOS:000246543400045,10.2166/wst.2007.199,2007
WOS:000246543400027,10.2166/wst.2007.181,2007
WOS:000246543400021,10.2166/wst.2007.175,2007
WOS:000245575900016,,2007
WOS:000249608700002,10.1080/10236240701602218,2007
WOS:000247585800020,10.1016/j.watres.2007.02.041,2007
WOS:000247024600010,10.1016/j.scitotenv.2007.01.075,2007
WOS:000246543400033,10.2166/wst.2007.187,2007
WOS:000246543400018,10.2166/wst.2007.172,2007
WOS:000246588200015,10.1016/j.watres.2007.01.021,2007
WOS:000250700600034,10.1128/AEM.01197-07,2007
WOS:000246543400013,10.2166/wst.2007.167,2007
WOS:000250464700010,10.1007/s00254-007-0672-3,2007
WOS:000246588600020,,2007
WOS:000250311500012,10.1038/nchembio.2007.29,2007
WOS:000246543400020,10.2166/wst.2007.174,2007
WOS:000245967900008,10.1002/jctb.1681,2007
WOS:000250038300001,10.1016/j.bbr.2007.05.033,2007
WOS:000246543400016,10.2166/wst.2007.170,2007
WOS:000250556000020,10.1080/10934520701567148,2007
WOS:000246543400029,10.2166/wst.2007.183,2007
WOS:000246543400023,10.2166/wst.2007.177,2007
WOS:000246543400002,10.2166/wst.2007.155,2007
WOS:000246960100009,,2007
WOS:000246543400022,10.2166/wst.2007.176,2007
WOS:000247283700015,10.1016/j.physbeh.2007.03.008,2007
WOS:000248678100023,10.1016/j.chemosphere.2006.08.016,2007
WOS:000246543400024,10.2166/wst.2007.178,2007
WOS:000246580400009,10.1080/09603120701219360,2007
WOS:000244194900011,10.1080/09593332808618770,2007
WOS:000249927200036,10.2134/jeq2006.0523,2007
WOS:000246543400034,10.2166/wst.2007.188,2007
WOS:000246543400009,10.2166/wst.2007.163,2007
WOS:000242371600001,10.1016/j.jenvman.2005.11.017,2007
WOS:000245845400019,10.1016/j.aca.2007.02.031,2007
WOS:000244953300048,10.3168/jds.2006-602,2007
WOS:000248791400014,,2007
WOS:000246543400003,10.2166/wst.2007.156,2007
WOS:000246543400012,10.2166/wst.2007.166,2007
WOS:000249011800005,10.1080/01919510701459311,2007
WOS:000243388200049,10.1021/es061687b,2007
WOS:000247835500003,10.1016/j.desal.2006.10.002,2007
WOS:000246543400026,10.2166/wst.2007.180,2007
WOS:000257719300012,,2007
WOS:000249011800009,10.1080/01919510701462679,2007
WOS:000246543400005,10.2166/wst.2007.158,2007
WOS:000246543400032,10.2166/wst.2007.186,2007
WOS:000248197400001,10.1128/AEM.02250-06,2007
WOS:000245601000005,10.1111/j.1530-0277.2007.00358.x,2007
WOS:000246543400042,10.2166/wst.2007.196,2007
WOS:000246543400028,10.2166/wst.2007.182,2007
WOS:000246543400036,10.2166/wst.2007.190,2007
WOS:000249250900017,10.1016/j.seppur.2007.01.039,2007
WOS:000253727800003,10.1016/j.tifs.2007.08.001,2008
WOS:000254686600021,10.1016/j.neulet.2008.01.037,2008
WOS:000260561200050,10.1021/es801465w,2008
WOS:000255417000003,,2008
WOS:000256763200005,10.1016/j.cis.2008.01.003,2008
WOS:000254066400002,10.1089/ees.2006.0113,2008
WOS:000259701600002,10.2166/aqua.2008.049,2008
WOS:000261198500004,10.2166/aqua.2008.070,2008
WOS:000259041300038,10.1007/s10661-007-0049-9,2008
WOS:000271775104461,,2008
WOS:000257560200001,10.1186/1476-069X-7-24,2008
WOS:000257370300015,10.1016/j.aquaculture.2008.03.047,2008
WOS:000253748500019,10.1002/clen.200700055,2008
WOS:000259182800007,10.2166/aqua.2008.198,2008
WOS:000252246400017,,2008
WOS:000254893200020,,2008
WOS:000259277200030,10.1016/j.pce.2008.06.025,2008
WOS:000255847300017,,2008
WOS:000256050500018,10.1016/j.biortech.2007.09.057,2008
WOS:000256822700018,,2008
WOS:000251378000001,10.1007/978-0-387-74816-0_1,2008
WOS:000260169600002,10.1080/10915810802244439,2008
WOS:000259193900021,10.1139/F08-084,2008
WOS:000265542500010,,2008
WOS:000256335400027,10.1016/j.watres.2008.01.010,2008
WOS:000255418000007,10.1061/(ASCE)0733-9372(2008)134:5(376),2008
WOS:000265169200017,10.2166/wst.2009.035,2009
WOS:000269049300016,10.1016/j.watres.2009.06.009,2009
WOS:000269656200022,10.1021/es9010338,2009
WOS:000271936600004,10.2166/wst.2009.662,2009
WOS:000274724700016,10.1016/j.watres.2009.08.016,2009
WOS:000272963200002,10.2166/wh.2009.075,2009
WOS:000273615600006,10.2166/aqua.2009.122,2009
WOS:000266183100014,10.1016/j.watres.2009.02.015,2009
WOS:000273314100027,,2009
WOS:000271684800001,10.1016/j.chemosphere.2009.09.031,2009
WOS:000273615600007,10.2166/aqua.2009.020,2009
WOS:000267312900007,10.1016/j.watres.2009.04.001,2009
WOS:000263444500020,10.1016/j.desal.2007.11.059,2009
WOS:000271338000004,10.1016/j.scitotenv.2009.06.031,2009
WOS:000267055500005,10.1061/(ASCE)0733-9496(2009)135:4(237),2009
WOS:000265515700027,10.1016/j.seppur.2009.01.013,2009
WOS:000268800900002,10.2166/aqua.2009.089,2009
WOS:000270297900002,10.2166/aqua.2009.114,2009
WOS:000271101700006,10.1080/01919510903091854,2009
WOS:000266183100011,10.1016/j.watres.2009.02.016,2009
WOS:000272467500003,10.2175/106143009X425933,2009
WOS:000273615600002,10.2166/aqua.2009.062,2009
WOS:000264730900017,10.1016/j.chroma.2008.12.020,2009
WOS:000267580500016,10.1016/j.watres.2009.04.014,2009
WOS:000265885300014,,2009
WOS:000273615600009,10.2166/aqua.2009.023,2009
WOS:000264565100003,10.1152/ajpregu.90870.2008,2009
WOS:000265510300009,10.1016/j.bbr.2008.12.031,2009
WOS:000268993700008,10.1016/j.watres.2009.05.018,2009
WOS:000274724700023,10.1016/j.watres.2009.08.026,2009
WOS:000268197400014,10.1016/j.chemosphere.2009.03.073,2009
WOS:000273615600008,10.2166/aqua.2009.121,2009
WOS:000263595500020,10.1016/j.watres.2008.10.044,2009
WOS:000273615600003,10.2166/aqua.2009.124,2009
WOS:000273615600005,10.2166/aqua.2009.018,2009
WOS:000268801000007,10.2166/aqua.2009.197,2009
WOS:000281958700016,10.5004/dwt.2010.1202,2010
WOS:000285986500014,10.1007/s10886-010-9877-0,2010
WOS:000275993700056,10.1021/es902735g,2010
WOS:000278102800005,10.2166/aqua.2010.059,2010
WOS:000280952400010,10.1061/(ASCE)EE.1943-7870.0000231,2010
WOS:000279305900005,10.1016/j.hal.2010.03.003,2010
WOS:000274682500019,10.1039/b911269c,2010
WOS:000284097500002,10.1080/10934521003772352,2010
WOS:000278907300009,10.1061/(ASCE)WR.1943-5452.0000060,2010
WOS:000278737100059,10.1016/j.talanta.2010.02.065,2010
WOS:000281372000016,10.1111/j.1750-3841.2010.01715.x,2010
WOS:000284574200004,10.2166/aqua.2010.101,2010
WOS:000281921200017,10.1016/j.chroma.2010.07.051,2010
WOS:000280285300002,10.1080/07438141.2010.494131,2010
WOS:000277575100014,10.1080/10934521003709115,2010
WOS:000284270100017,10.1007/s00213-010-1990-9,2010
WOS:000285695000012,10.17221/212/2008-CJFS,2010
WOS:000284523400043,10.1021/es102130b,2010
WOS:000275766400012,10.1016/j.watres.2009.10.018,2010
WOS:000275471200024,10.1039/b918487b,2010
WOS:000286294300010,10.1016/j.scitotenv.2010.10.010,2010
WOS:000276673200006,10.1016/j.neulet.2010.02.024,2010
WOS:000282149000008,10.1016/j.cis.2010.06.007,2010
WOS:000283897200011,10.2134/jeq2009.0199,2010
WOS:000287078000018,10.2166/wh.2010.131,2010
WOS:000295029000009,10.2166/wqrj.2010.047,2010
WOS:000281810100021,10.1155/2010/297931,2010
WOS:000285443700001,10.1016/j.watres.2010.06.070,2010
WOS:000276641700020,10.5004/dwt.2010.1678,2010
WOS:000279447400001,10.1016/j.chemosphere.2010.04.067,2010
WOS:000283474900036,10.1016/j.desal.2010.06.069,2010
WOS:000285443700024,10.1016/j.watres.2010.08.001,2010
WOS:000282930800009,,2010
WOS:000282240800017,10.1016/j.jhazmat.2010.06.006,2010
WOS:000283388900002,10.1016/j.aquaeng.2010.05.003,2010
WOS:000289404000001,10.1080/03067310903582341,2011
WOS:000291008900015,10.2166/wh.2011.054,2011
WOS:000300431400005,10.1590/S1413-41522011000400006,2011
WOS:000293312800057,10.1016/j.desal.2011.03.076,2011
WOS:000296212700034,10.1021/es202594z,2011
WOS:000297399900041,10.1016/j.desal.2011.08.007,2011
WOS:000287054500009,10.1016/j.watres.2010.10.014,2011
WOS:000300165100006,10.1007/s10201-011-0344-6,2011
WOS:000288781900005,10.3390/ijerph8030713,2011
WOS:000288954200008,10.1080/01919512.2011.547370,2011
WOS:000290884000017,10.1016/S1001-0742(10)60458-5,2011
WOS:000289565400002,10.1080/10643380903300000,2011
WOS:000288344000077,10.1016/j.jhazmat.2010.12.049,2011
WOS:000297925500044,10.5004/dwt.2011.2662,2011
WOS:000296188200008,10.1080/09593330.2010.545439,2011
WOS:000294101300022,10.1016/j.watres.2011.06.006,2011
WOS:000296578100002,10.2166/aqua.2011.059,2011
WOS:000286090500022,10.1021/es1030068,2011
WOS:000293845600009,10.1080/01919512.2011.584302,2011
WOS:000292427800131,10.1016/j.jhazmat.2011.04.041,2011
WOS:000295386800027,10.1016/j.watres.2011.06.043,2011
WOS:000294989200001,10.2166/aqua.2011.108,2011
WOS:000298411500002,10.2166/aqua.2011.036,2011
WOS:000296036400003,10.1016/S1001-0742(10)60629-8,2011
WOS:000288478700010,10.1016/j.watres.2010.12.002,2011
WOS:000286571500001,10.1016/S1001-0742(10)60367-1,2011
WOS:000291078100018,10.1016/j.talanta.2011.03.014,2011
WOS:000292947800018,10.1016/j.watres.2011.05.001,2011
WOS:000292030100038,10.2166/wst.2011.610,2011
WOS:000293624300006,10.2166/wh.2011.165,2011
WOS:000289387900001,10.2166/wh.2011.157,2011
WOS:000296022600002,10.1080/01919512.2011.604595,2011
WOS:000299585900009,10.1016/j.chroma.2011.11.031,2012
WOS:000301018700018,10.1016/j.watres.2011.11.018,2012
WOS:000307617200011,10.1016/j.neuro.2012.01.005,2012
WOS:000306010900012,10.1002/jssc.201200029,2012
WOS:000300540000031,10.1016/j.watres.2011.12.026,2012
WOS:000310324900012,10.1007/s11783-011-0367-6,2012
WOS:000327748800004,10.2166/ws.2011.134,2012
WOS:000305204900002,10.1016/j.jenvman.2012.03.006,2012
WOS:000301098900027,10.1021/jf204277v,2012
WOS:000309095800025,10.1016/j.watres.2012.06.008,2012
WOS:000317434400046,,2012
WOS:000299025400014,10.5942/jawwa.2012.104.0006,2012
WOS:000299137000020,10.1007/s11270-011-0896-4,2012
WOS:000311453400001,10.1080/19443994.2012.708191,2012
WOS:000310923200006,10.4314/wsa.v38i5.6,2012
WOS:000305182200018,10.1111/j.1095-8312.2012.01888.x,2012
WOS:000301018700017,10.1016/j.watres.2011.06.029,2012
WOS:000312156900007,10.1002/clen.201200040,2012
WOS:000311085200001,10.1186/1471-2458-12-556,2012
WOS:000312183200012,10.1016/j.jglr.2012.04.001,2012
WOS:000304713300004,10.1007/s11783-011-0319-1,2012
WOS:000310763600043,10.1016/j.jhazmat.2012.09.006,2012
WOS:000319610300019,10.1590/S0006-87052012000300019,2012
WOS:000309095800044,10.1016/j.watres.2012.07.012,2012
WOS:000303546900010,10.1007/s11356-011-0613-2,2012
WOS:000308697200002,10.2166/aqua.2012.006,2012
WOS:000311130100014,10.1016/j.watres.2012.08.018,2012
WOS:000301331600003,10.1080/01919512.2012.640223,2012
WOS:000303843000003,10.1016/j.chroma.2012.03.020,2012
WOS:000301792900006,10.1007/s10532-011-9504-y,2012
WOS:000312156900006,10.1002/clen.201100579,2012
WOS:000299521200009,10.1007/s11783-010-0257-3,2012
WOS:000312050400022,,2012
WOS:000306543300015,10.1007/s12011-012-9386-9,2012
WOS:000310069500014,10.1107/S0907444912038486,2012
WOS:000311181700001,10.1016/j.desal.2012.08.028,2012
WOS:000307701100016,10.1007/s00431-012-1723-7,2012
WOS:000306080200004,10.1089/ees.2011.0007,2012
WOS:000312694300066,10.1371/journal.pone.0051976,2012
WOS:000305802200003,10.2166/aqua.2012.096,2012
WOS:000326212500019,10.1016/j.watres.2013.06.040,2013
WOS:000321314000086,10.1016/j.foodchem.2013.02.093,2013
WOS:000316118500015,10.1039/c3ay26626e,2013
WOS:000314809700004,10.2166/aqua.2013.016,2013
WOS:000312835300009,10.1007/s10661-012-2536-x,2013
WOS:000323356700009,10.1016/S1001-0742(12)60231-9,2013
WOS:000322157700057,10.1080/19443994.2013.768437,2013
WOS:000330159200004,,2013
WOS:000319234500007,10.1016/j.chemosphere.2012.12.024,2013
WOS:000328006200002,10.1016/S1001-0742(12)60317-9,2013
WOS:000313795500066,10.1080/19443994.2012.714648,2013
WOS:000317048600003,10.2166/aqua.2013.087,2013
WOS:000318051900024,10.1016/j.watres.2013.02.046,2013
WOS:000334262300010,,2013
WOS:000316841000005,10.1177/0960327112456316,2013
WOS:000319234500005,10.1016/j.chemosphere.2012.12.014,2013
WOS:000314426200002,10.1039/c2ra22243d,2013
WOS:000316611900006,10.1080/08927014.2013.772140,2013
WOS:000319088600064,10.1016/j.talanta.2013.01.026,2013
WOS:000318453800005,10.1016/S1001-0742(12)60012-6,2013
WOS:000320343700042,10.1016/j.scitotenv.2013.03.092,2013
WOS:000324604000010,10.1016/j.seppur.2013.04.029,2013
WOS:000326035000007,10.2166/aqua.2013.055,2013
WOS:000309436700008,,2013
WOS:000324566400033,10.1016/j.watres.2013.05.057,2013
WOS:000317425200013,10.1007/s12665-012-1964-9,2013
WOS:000317159300062,10.1016/j.cej.2013.01.035,2013
WOS:000317325700001,10.1016/j.chemosphere.2013.01.003,2013
WOS:000323356700005,10.1016/S1001-0742(12)60232-0,2013
WOS:000326994200018,10.1016/S1001-0742(12)60290-3,2013
WOS:000334313800007,10.2166/ws.2013.132,2013
WOS:000321908600024,10.1007/s11356-013-1527-y,2013
WOS:000328176000135,10.1016/j.talanta.2013.07.055,2013
WOS:000323836100008,10.1007/s10661-013-3153-z,2013
WOS:000321723100012,,2013
WOS:000323200400015,10.1111/1574-6941.12145,2013
WOS:000323402700007,,2013
WOS:000320567500037,,2013
WOS:000320497500021,10.1016/j.watres.2013.04.038,2013
WOS:000324166400022,10.3724/SP.J.1096.2013.20882,2013
WOS:000323440300001,10.1155/2013/340658,2013
WOS:000329377700048,10.1016/j.foodres.2013.07.017,2013
WOS:000314085900015,10.2105/AJPH.2012.300910,2013
WOS:000328005300051,10.1166/sl.2013.2868,2013
WOS:000313359000031,10.1007/s10661-012-2642-9,2013
WOS:000320274000001,10.1111/1541-4337.12015,2013
WOS:000336734600002,10.2166/aqua.2013.123,2014
WOS:000333781300017,10.1016/j.watres.2014.01.028,2014
WOS:000340665800004,10.1111/1750-3841.12511,2014
WOS:000330601400037,10.1016/j.watres.2013.10.028,2014
WOS:000330161000038,10.1016/j.ecoenv.2013.10.022,2014
WOS:000330106200035,10.1080/19443994.2013.785366,2014
WOS:000336872400024,10.1016/j.foodchem.2014.04.013,2014
WOS:000335582800012,10.1007/s11783-013-0577-1,2014
WOS:000332396200015,10.1371/journal.pone.0088059,2014
WOS:000345133400003,10.1080/03067319.2014.974586,2014
WOS:000338433200003,10.3724/SP.J.1096.2014.30875,2014
WOS:000328804200035,10.1016/j.cej.2013.09.041,2014
WOS:000340580700007,10.1086/677176,2014
WOS:000334511300006,10.1007/s00706-013-1148-7,2014
WOS:000341817100001,10.1080/10643389.2013.829972,2014
WOS:000342338500002,10.1002/clen.201200716,2014
WOS:000333048200022,10.1093/cercor/bhs394,2014
WOS:000339874900012,10.1007/s10098-014-0715-x,2014
WOS:000346128700023,10.2166/wh.2014.109,2014
WOS:000346394900003,10.1016/j.watres.2014.08.051,2014
WOS:000337263200012,10.5942/jawwa.2014.106.0091,2014
WOS:000431371900012,10.1016/j.jwpe.2014.09.006,2014
WOS:000341864600005,10.2166/aqua.2014.144,2014
WOS:000344134600004,10.1016/j.yhbeh.2014.08.013,2014
WOS:000348791100012,10.2166/ws.2014.057,2014
WOS:000333998000006,10.1080/19443994.2013.797669,2014
WOS:000337261500021,10.1016/j.watres.2014.03.070,2014
WOS:000336339800034,10.1016/j.cej.2014.03.018,2014
WOS:000346955100039,10.1016/j.neuro.2014.05.006,2014
WOS:000345255000001,10.1016/j.alcohol.2014.07.015,2014
WOS:000346394900013,10.1016/j.watres.2014.09.002,2014
WOS:000342958200014,10.5942/jawwa.2014.106.0129,2014
WOS:000345469100014,10.1016/j.hal.2014.07.005,2014
WOS:000344019400018,10.2166/ws.2014.017,2014
WOS:000339989500050,10.3390/ijerph110707376,2014
WOS:000338992400001,10.2166/aqua.2013.069,2014
WOS:000334134700049,10.1016/j.cej.2014.01.081,2014
WOS:000339036500003,10.1016/j.jes.2014.05.003,2014
WOS:000336637300020,10.1016/j.jglr.2014.03.016,2014
WOS:000330452600001,10.1155/2014/697260,2014
WOS:000335778700011,10.1007/s10337-014-2676-y,2014
WOS:000344823500007,10.1016/j.watres.2014.08.007,2014
WOS:000341653300009,10.1080/19443994.2013.808591,2014
WOS:000332808600025,10.1016/j.watres.2013.11.001,2014
WOS:000348592800005,10.2166/wh.2014.223,2014
WOS:000337861400024,10.1016/j.watres.2014.04.023,2014
WOS:000331021200038,10.1016/j.jhazmat.2013.10.059,2014
WOS:000328229200041,10.1007/s10661-013-3393-y,2014
WOS:000333447000008,10.1016/S1001-0742(13)60409-X,2014
WOS:000335096400043,10.1016/j.scitotenv.2014.02.069,2014
WOS:000337775500001,10.1016/j.jphotochem.2014.04.013,2014
WOS:000345368400001,10.1155/2014/743924,2014
WOS:000341745100006,10.1016/j.envint.2014.05.025,2014
WOS:000344018200008,10.2166/ws.2013.214,2014
WOS:000374315100008,10.2166/aqua.2014.171,2015
WOS:000350051400004,10.1080/10934529.2015.987526,2015
WOS:000374315100010,10.2166/aqua.2014.069,2015
WOS:000358642400008,10.1186/s12889-015-1974-0,2015
WOS:000353735800023,10.1016/j.watres.2015.01.032,2015
WOS:000374408100004,10.2166/wh.2015.012,2015
WOS:000362413200004,10.1515/eces-2015-0012,2015
WOS:000374408100003,10.2166/wh.2015.243,2015
WOS:000363348900093,10.1016/j.scitotenv.2015.08.092,2015
WOS:000377971200002,10.1080/19443994.2014.992180,2015
WOS:000353748600002,,2015
WOS:000363355700011,10.1016/j.watres.2015.08.017,2015
WOS:000353860800016,10.1016/j.pbb.2015.03.004,2015
WOS:000347756900040,10.1016/j.watres.2014.09.038,2015
WOS:000347981800009,10.1111/gwat.12272,2015
WOS:000351102400008,10.1007/s11270-014-2290-5,2015
WOS:000359360400029,10.1039/c5ay01138h,2015
WOS:000349530300008,10.1080/19443994.2014.931532,2015
WOS:000374315100005,10.2166/aqua.2015.067,2015
WOS:000352048100051,10.1016/j.psep.2014.11.005,2015
WOS:000351966900014,10.1016/j.watres.2014.12.044,2015
WOS:000365096700008,10.1007/s10311-015-0519-1,2015
WOS:000374302500026,10.2166/ws.2015.102,2015
WOS:000347756900005,10.1016/j.watres.2014.09.037,2015
WOS:000345124100005,10.1016/j.cattod.2014.03.027,2015
WOS:000354672700001,10.1155/2015/479103,2015
WOS:000352068100010,10.2166/ws.2014.088,2015
WOS:000385549700001,10.3109/10408444.2015.1076376,2015
WOS:000374315100006,10.2166/aqua.2015.100,2015
WOS:000352305700009,10.1080/19443994.2014.917990,2015
WOS:000348332400004,10.1021/es504403t,2015
WOS:000352652700007,,2015
WOS:000374315100003,10.2166/aqua.2014.097,2015
WOS:000362695700015,10.5942/jawwa.2015.107.0142,2015
WOS:000353411200003,10.1080/19443994.2014.934104,2015
WOS:000367477500010,10.1515/aep-2015-0043,2015
WOS:000364226900010,10.1007/s00442-015-3423-2,2015
WOS:000351391800032,10.1039/c4ay03026e,2015
WOS:000348332400016,10.1021/es5040969,2015
WOS:000360793100005,10.2166/wh.2015.171,2015
WOS:000357235400032,10.1016/j.chemosphere.2015.05.049,2015
WOS:000363348900030,10.1016/j.scitotenv.2015.08.050,2015
WOS:000361415800028,10.1021/acs.est.5b00979,2015
WOS:000374519000006,,2015
WOS:000360418000018,10.1016/j.watres.2015.06.038,2015
WOS:000349060300012,10.1021/es5049418,2015
WOS:000352577000007,10.1111/jam.12747,2015
WOS:000362832300004,10.1080/19443994.2014.950998,2015
WOS:000356240400004,10.12989/mwt.2015.6.3.225,2015
WOS:000349195100055,10.1016/j.scitotenv.2014.11.069,2015
WOS:000357949200002,10.2166/ws.2015.011,2015
WOS:000360308500003,10.2166/washdev.2015.172,2015
WOS:000347756900077,10.1016/j.watres.2014.10.051,2015
WOS:000358329700005,10.1007/s12040-015-0583-8,2015
WOS:000349503600020,10.1016/j.watres.2014.11.022,2015
WOS:000366235700009,10.1016/j.envpol.2015.06.027,2015
WOS:000357244600020,,2015
WOS:000385596000028,10.1016/j.envpol.2016.06.069,2016
WOS:000373609300021,10.1007/s11356-015-5766-y,2016
WOS:000378680300016,10.1002/jssc.201600098,2016
WOS:000391267300014,10.4314/wsa.v42i4.14,2016
WOS:000431460204626,,2016
WOS:000386382000006,10.4314/wsa.v42i3.06,2016
WOS:000385902000001,10.1016/j.watres.2016.08.052,2016
WOS:000382321800016,10.2166/ws.2016.017,2016
WOS:000376805500027,10.1016/j.watres.2016.04.023,2016
WOS:000386381000011,10.4314/wsa.v42i2.11,2016
WOS:000372685600004,10.1016/j.njas.2015.11.002,2016
WOS:000372290300016,10.1515/reveh-2016-0008,2016
WOS:000372659500015,10.1039/c5ew00269a,2016
WOS:000370993200023,10.1016/j.jclepro.2015.12.047,2016
WOS:000373278700004,10.1016/j.scitotenv.2016.03.003,2016
WOS:000382539600050,10.1039/c6ra16733k,2016
WOS:000371555200017,10.1016/j.watres.2016.01.016,2016
WOS:000373609300040,10.1007/s11356-015-5749-z,2016
WOS:000385018200011,10.4014/jmb.1603.03043,2016
WOS:000386413600066,10.1016/j.envres.2016.08.034,2016
WOS:000366662900041,10.1080/19443994.2014.970583,2016
WOS:000384244700008,10.1061/(ASCE)EE.1943-7870.0001116,2016
WOS:000387307700001,10.1186/s12866-016-0890-5,2016
WOS:000375063400079,10.1007/s12665-016-5530-8,2016
WOS:000382805800008,10.1021/acs.est.6b00835,2016
WOS:000371555200026,10.1016/j.watres.2016.01.058,2016
WOS:000368867700001,10.1016/j.psyneuen.2015.10.020,2016
WOS:000380137800009,10.1007/s12517-016-2552-1,2016
WOS:000372553000025,10.1007/s10499-015-9929-0,2016
WOS:000391267300011,10.4314/wsa.v42i4.11,2016
WOS:000367774400308,10.1016/j.chemosphere.2015.11.022,2016
WOS:000374305100015,10.2166/ws.2015.148,2016
WOS:000381500700034,10.1128/AEM.01334-16,2016
WOS:000367866300008,10.1021/acs.est.5b03409,2016
WOS:000371937900050,10.1016/j.jtice.2015.11.007,2016
WOS:000378448800021,10.1016/j.watres.2016.05.021,2016
WOS:000366327100003,10.1080/09593330.2015.1069405,2016
WOS:000371702300006,10.1080/19443994.2015.1061457,2016
WOS:000371991000042,10.1080/19443994.2015.1059370,2016
WOS:000383771300006,10.2166/aqua.2016.001,2016
WOS:000387092100007,10.1080/19443994.2016.1177274,2016
WOS:000378448600071,10.1016/j.envpol.2016.04.056,2016
WOS:000384776800042,10.1016/j.chemosphere.2016.08.051,2016
WOS:000375333100007,10.2166/wh.2015.134,2016
WOS:000367276500082,10.1016/j.watres.2015.11.001,2016
WOS:000369018200001,10.3389/fmicb.2016.00045,2016
WOS:000381950400020,10.1016/j.watres.2016.06.029,2016
WOS:000374917300008,,2016
WOS:000368103200018,10.1007/s00253-015-6969-3,2016
WOS:000366662900018,10.1080/19443994.2014.986823,2016
WOS:000371396700013,,2016
WOS:000364247100061,10.1016/j.cej.2015.08.016,2016
WOS:000373353000016,10.1080/19443994.2015.1083890,2016
WOS:000368107100008,10.1007/s11771-016-3049-5,2016
WOS:000378448800001,10.1016/j.watres.2016.05.017,2016
WOS:000377732700045,10.1016/j.chemosphere.2016.05.010,2016
WOS:000405002800013,,2016
WOS:000369728600004,10.12783/issn.1544-8053/13/1/4,2016
WOS:000378206300122,10.1016/j.scitotenv.2016.05.173,2016
WOS:000374351500007,10.1111/idh.12149,2016
WOS:000383611500002,10.1002/clen.201500749,2016
WOS:000388015400024,10.1080/19443994.2016.1193063,2016
WOS:000370092000007,10.1016/j.watres.2015.12.006,2016
WOS:000369959100008,10.1002/clen.201500077,2016
WOS:000377319600009,10.1016/j.hal.2015.11.008,2016
WOS:000394723200035,10.1016/j.cej.2016.12.086,2017
WOS:000413377000035,10.1016/j.watres.2017.08.063,2017
WOS:000414707500052,10.3390/w9100775,2017
WOS:000402343700002,10.1016/j.chemosphere.2017.04.039,2017
WOS:000394351400001,10.1007/s11270-016-3229-9,2017
WOS:000394102600011,10.1038/mp.2016.68,2017
WOS:000404474300004,10.2166/aqua.2017.090,2017
WOS:000415735900002,10.1080/01919512.2017.1352413,2017
WOS:000407305300037,,2017
WOS:000412457300015,10.1007/s00477-017-1440-x,2017
WOS:000418320500003,10.1037/pha0000162,2017
WOS:000408184700023,10.1016/j.envres.2017.06.018,2017
WOS:000406436100009,10.1016/j.ecolind.2017.04.046,2017
WOS:000390515800002,10.1016/j.cattod.2016.09.024,2017
WOS:000400723200015,10.1021/acs.est.6b04440,2017
WOS:000414453600012,10.3390/app7090876,2017
WOS:000396042900005,10.1080/10402381.2016.1263694,2017
WOS:000401277300001,10.1038/ncomms15230,2017
WOS:000403991600028,10.1016/j.envpol.2017.04.058,2017
WOS:000397688200032,10.1016/j.seppur.2017.01.059,2017
WOS:000407655300107,10.1016/j.renene.2017.06.092,2017
WOS:000431411100037,10.1016/j.jwpe.2017.08.015,2017
WOS:000422945900001,10.5942/jawwa.2017.109.0122,2017
WOS:000400051700004,10.5942/jawwa.2017.109.0010,2017
WOS:000419141300013,10.30638/eemj.2017.238,2017
WOS:000416186400003,10.1016/j.hal.2017.09.006,2017
WOS:000403991700027,10.1016/j.chemosphere.2017.04.138,2017
WOS:000389090100138,10.1016/j.scitotenv.2016.08.134,2017
WOS:000396138800066,10.1007/s11356-016-7966-5,2017
WOS:000396502100010,10.4314/wsa.v43i1.10,2017
WOS:000393888900003,10.1080/10408347.2016.1225255,2017
WOS:000397453100011,10.1177/0033354916689606,2017
WOS:000406310400030,10.1007/s11270-017-3474-6,2017
WOS:000394254000094,10.1007/s11356-016-8032-z,2017
WOS:000416524200006,10.17159/sajs.2017/a0244,2017
WOS:000413736100003,10.1590/S1413-41522017148174,2017
WOS:000395956700001,10.1016/j.chroma.2017.01.015,2017
WOS:000398637400001,10.1186/s40494-016-0114-1,2017
WOS:000408715200001,10.3389/fpubh.2017.00213,2017
WOS:000411118300061,10.1016/j.cej.2017.07.055,2017
WOS:000395218900017,10.1016/j.watres.2016.12.043,2017
WOS:000398000000018,10.2166/ws.2016.159,2017
WOS:000399705800004,10.1007/s00253-017-8223-7,2017
WOS:000394617200006,10.1080/1040841X.2016.1198306,2017
WOS:000422945900008,10.5942/jawwa.2017.109.0118,2017
WOS:000390181600038,10.1016/j.watres.2016.11.014,2017
WOS:000406564400033,10.1016/j.jenvman.2017.05.088,2017
WOS:000402531100008,10.1590/1678-457X.16616,2017
WOS:000393861000002,10.1038/srep41928,2017
WOS:000400052300007,,2017
WOS:000430569100472,,2017
WOS:000437264700082,10.1007/s11356-018-2086-z,2018
WOS:000451417400001,10.1186/s12302-018-0175-8,2018
WOS:000452940800016,10.1016/j.solener.2018.07.033,2018
WOS:000447275300001,10.1016/j.jes.2017.12.008,2018
WOS:000434005600013,10.1016/j.foodres.2018.03.024,2018
WOS:000434747700032,10.1016/j.watres.2018.04.023,2018
WOS:000424765000021,10.2166/wst.2017.569,2018
WOS:000426721400109,10.3390/ijerph15020284,2018
WOS:000445137100022,10.2166/ws.2017.234,2018
WOS:000424725900002,10.1016/j.watres.2017.12.013,2018
WOS:000456527000024,10.3390/ijerph15122633,2018
WOS:000437819500014,10.1016/j.desal.2018.04.017,2018
WOS:000449137700004,10.1016/j.watres.2018.08.014,2018
WOS:000450165300011,10.1007/s00343-018-7124-7,2018
WOS:000447609100231,,2018
WOS:000427804800032,10.1007/s10811-017-1233-0,2018
WOS:000435197300183,10.3390/ijerph15051015,2018
WOS:000439043700006,10.1002/awwa.1042,2018
WOS:000445137100003,10.2166/ws.2018.001,2018
WOS:000452202800028,10.5004/dwt.2018.22926,2018
WOS:000445760200091,10.3390/app8091502,2018
WOS:000428832700006,10.2486/indhealth.2017-0041,2018
WOS:000454568900017,,2018
WOS:000431011900001,10.1080/22423982.2018.1466605,2018
WOS:000445125900036,10.5004/dwt.2018.22341,2018
WOS:000437299700001,10.1186/s12940-018-0402-1,2018
WOS:000419585200008,10.1093/toxsci/kfx202,2018
WOS:000425008900076,10.1007/s11356-017-0816-2,2018
WOS:000446149600042,10.1016/j.chemosphere.2018.07.149,2018
WOS:000431535600003,10.17221/297/2017-CJFS,2018
WOS:000436806200069,10.1016/j.scitotenv.2018.05.188,2018
WOS:000451208400111,10.3390/w10101396,2018
WOS:000447247500023,10.1016/j.envres.2018.07.010,2018
WOS:000451576800001,10.1002/awwa.1147,2018
WOS:000436401800008,10.1007/s00217-018-3054-z,2018
WOS:000427344600039,,2018
WOS:000429397700004,10.1016/j.watres.2018.02.041,2018
WOS:000439024100010,10.24193/subbchem.2018.1.10,2018
WOS:000436930700015,10.1111/acer.13768,2018
WOS:000447484000077,10.1016/j.ecoenv.2018.08.108,2018
WOS:000447478100031,10.1016/j.chemosphere.2018.08.015,2018
WOS:000424121200076,10.3390/ijerph15010076,2018
WOS:000438495400015,10.1002/brb3.1024,2018
WOS:000439403000026,10.1016/j.watres.2018.05.009,2018
WOS:000437325700003,10.2166/aqua.2018.165,2018
WOS:000448798400002,10.1127/fal/2018/1169,2018
WOS:000446149600127,10.1016/j.chemosphere.2018.08.029,2018
WOS:000424176200002,10.1016/j.mimet.2017.10.013,2018
WOS:000437352400030,10.2166/ws.2017.213,2018
WOS:000438615300002,10.1177/0306312718778358,2018
WOS:000433219500018,10.1016/j.biortech.2018.04.046,2018
WOS:000451309400003,10.3390/foods7110177,2018
WOS:000446424500005,10.1007/s00769-018-1338-4,2018
WOS:000433153600024,10.1016/j.scitotenv.2018.03.352,2018
WOS:000445523400012,10.2166/wst.2018.245,2018
WOS:000485672500006,,2018
WOS:000443230700005,10.1002/awwa.1090,2018
WOS:000449184900023,10.1039/c8ew00407b,2018
WOS:000448462700024,10.3390/w10080990,2018
WOS:000452585200041,10.1016/j.watres.2018.10.023,2018
WOS:000440467600001,10.1155/2018/2408632,2018
WOS:000452565400002,10.1016/j.watres.2018.08.072,2018
WOS:000454470700001,10.1016/j.mcn.2018.09.002,2018
WOS:000439403000015,10.1016/j.watres.2018.05.001,2018
WOS:000424096500026,10.3390/toxins10010026,2018
WOS:000441527900032,10.1016/j.cej.2018.07.123,2018
WOS:000444918000013,10.1016/j.aca.2018.07.051,2018
WOS:000446334800014,10.2166/wh.2018.129,2018
WOS:000414686500082,10.1016/j.snb.2017.09.136,2018
WOS:000430481200007,10.2166/wh.2018.272,2018
WOS:000445443800005,10.1016/j.alcohol.2018.02.004,2018
WOS:000462955700012,10.1016/j.psep.2018.10.025,2019
WOS:000479023000029,10.1016/j.watres.2019.06.005,2019
WOS:000461676600058,10.1016/j.scitotenv.2019.02.423,2019
WOS:000458221200043,10.1016/j.watres.2018.11.034,2019
WOS:000463816800004,10.1080/10739149.2018.1527774,2019
WOS:000463025900022,10.5004/dwt.2019.23894,2019
WOS:000468619200001,10.1016/j.scitotenv.2019.04.329,2019
WOS:000454880400020,10.1016/j.trac.2018.10.032,2019
WOS:000482126900038,10.3382/ps/pez094,2019
WOS:000485779200001,10.1016/j.aca.2019.07.061,2019
WOS:000472812000030,10.1016/j.jenvman.2019.04.123,2019
WOS:000458626800115,10.1016/j.scitotenv.2018.11.062,2019
WOS:000459527800036,10.1016/j.jenvman.2019.01.080,2019
WOS:000466493900013,10.2166/ws.2018.161,2019
WOS:000457420200010,10.1165/rcmb.2018-0099OC,2019
WOS:000457659000010,10.1016/j.rvsc.2018.11.014,2019
WOS:000475411500060,10.1016/j.ecoenv.2019.06.046,2019
WOS:000461548300012,10.1039/c8ew00600h,2019
WOS:000482436200008,10.1039/c9ew00303g,2019
WOS:000488654900029,10.1016/j.physbeh.2019.05.015,2019
WOS:000490189500008,10.1061/(ASCE)WR.1943-5452.0001126,2019
WOS:000466090500017,10.1016/j.scitotenv.2019.03.370,2019
WOS:000456223500016,10.1016/j.chemosphere.2018.10.028,2019
WOS:000487565000045,10.1016/j.watres.2019.115025,2019
WOS:000471081300033,10.1016/j.envpol.2019.03.041,2019
WOS:000464948100019,10.1007/s00216-019-01711-7,2019
WOS:000465366100002,10.1016/j.jenvman.2019.03.032,2019
WOS:000457293700134,10.1016/j.scitotenv.2018.12.337,2019
WOS:000466618400038,10.1016/j.watres.2019.03.026,2019
WOS:000475662600001,10.1186/s12302-019-0229-6,2019
WOS:000447004100005,10.1016/j.cej.2018.08.180,2019
WOS:000489840100020,10.1016/j.psep.2019.08.005,2019
WOS:000457727800060,10.1039/c8ra08645a,2019
WOS:000481444700014,10.1029/2018WR023651,2019
WOS:000460710700059,10.1016/j.chemosphere.2019.01.072,2019
WOS:000468977800027,10.1007/s11356-019-04635-y,2019
WOS:000471087800003,10.1016/j.hal.2019.01.010,2019
WOS:000491632600009,10.1016/j.hal.2019.101658,2019
WOS:000463025900012,10.5004/dwt.2019.23840,2019
WOS:000491634500023,10.1016/j.chemosphere.2019.07.071,2019
WOS:000477798800011,10.4038/jnsfsr.v47i2.9167,2019
WOS:000472132900035,10.3390/ijerph16111907,2019
WOS:000480659300045,10.3390/ijerph16142492,2019
WOS:000467818200022,10.20964/2019.05.29,2019
WOS:000487565000037,10.1016/j.watres.2019.114996,2019
WOS:000468253500050,10.1016/j.watres.2019.04.004,2019
WOS:000475999400036,10.1016/j.watres.2019.06.001,2019
WOS:000446076500146,10.1016/j.scitotenv.2018.08.307,2019
WOS:000485843500057,,2019
WOS:000504472800012,10.1016/j.jwpe.2019.100895,2019
WOS:000491634500099,10.1016/j.chemosphere.2019.124342,2019
WOS:000458941900017,10.1016/j.seppur.2019.01.007,2019
WOS:000492992100020,10.1039/c9ew00538b,2019
WOS:000461676600070,10.1016/j.scitotenv.2019.02.271,2019
WOS:000459111400067,10.3390/ijerph16010067,2019
WOS:000478663100043,10.1016/j.heliyon.2019.e02121,2019
WOS:000468253500030,10.1016/j.watres.2019.03.084,2019
WOS:000472696600005,10.1016/j.foodqual.2019.05.008,2019
WOS:000481520800006,10.1002/wat2.1373,2019
WOS:000484645800046,10.1016/j.watres.2019.114938,2019
WOS:000462923600017,10.2166/ws.2018.128,2019
WOS:000482246700073,10.1016/j.jenvman.2019.06.020,2019
WOS:000465212100013,10.1016/j.aca.2019.03.041,2019
WOS:000468253500007,10.1016/j.watres.2019.03.082,2019
WOS:000466416100003,10.1002/pts.2430,2019
WOS:000475346300009,10.3390/w11061121,2019
WOS:000474679800016,,2019
WOS:000479023000018,10.1016/j.watres.2019.06.066,2019
WOS:000463378300011,10.1016/j.jes.2018.11.008,2019
WOS:000582219300082,10.1016/j.ecoenv.2020.111343,2020
WOS:000534377000052,10.1016/j.chemosphere.2020.126509,2020
WOS:000554933300001,10.3390/w12061576,2020
WOS:000593242900006,10.1093/chemse/bjaa056,2020
WOS:000532829200063,10.1016/j.jhazmat.2020.122404,2020
WOS:000509611300086,10.1016/j.watres.2019.115353,2020
WOS:000565810800009,10.5004/dwt.2020.26048,2020
WOS:000537396600001,10.1016/j.cej.2020.125015,2020
WOS:000601166900024,10.2166/wst.2020.513,2020
WOS:000617137800023,10.2166/ws.2020.102,2020
WOS:000600769200002,10.3103/S1063455X20050045,2020
WOS:000569155800008,10.1016/j.watres.2020.115971,2020
WOS:000547817400017,10.1590/fst.05119,2020
WOS:000529342300123,10.3390/ijerph17061933,2020
WOS:000611998700011,10.1134/S1995082920060140,2020
WOS:000572324500002,10.1007/s00253-020-10884-6,2020
WOS:000521704300010,10.1007/s11356-020-08267-5,2020
WOS:000542174500010,10.1016/j.jwpe.2020.101381,2020
WOS:000517663600039,10.1016/j.watres.2020.115507,2020
WOS:000617138500029,10.2166/ws.2020.145,2020
WOS:000544985400033,10.5004/dwt.2020.25014,2020
WOS:000543713600003,10.1016/j.cej.2019.123243,2020
WOS:000571004500017,10.1016/j.watres.2020.116065,2020
WOS:000617138500018,10.2166/ws.2020.119,2020
WOS:000539527500005,10.3390/w12040928,2020
WOS:000523571900035,10.1016/j.watres.2020.115627,2020
WOS:000521546800001,10.1186/s12302-020-00313-w,2020
WOS:000497673400011,10.1061/(ASCE)EE.1943-7870.0001626,2020
WOS:000543753800002,10.1127/fal/2020/1296,2020
WOS:000534606400008,10.1016/j.watres.2020.115797,2020
WOS:000555915200089,10.3390/w12051310,2020
WOS:000511892000006,10.1007/s13762-019-02421-4,2020
WOS:000540471800012,10.1038/s41598-020-64774-y,2020
WOS:000529312000021,10.1016/j.spc.2019.08.008,2020
WOS:000564308700011,10.1016/j.foodqual.2020.104024,2020
WOS:000551668200035,10.1016/j.chemosphere.2020.127174,2020
WOS:000529850800001,10.1007/s10311-020-01013-w,2020
WOS:000584569700002,10.1007/s40201-020-00568-8,2020
WOS:000525736600008,10.1016/j.scitotenv.2020.137508,2020
WOS:000589970700004,10.1016/j.watres.2020.116471,2020
WOS:000581364700001,10.3390/brainsci10090576,2020
WOS:000535471400015,10.1016/j.scitotenv.2020.137786,2020
WOS:000525317700048,10.1016/j.eti.2019.100557,2020
WOS:000514544700011,10.1016/j.scitotenv.2019.135061,2020
WOS:000592898700001,10.1590/0001-3765202020190453,2020
WOS:000589969600020,10.1016/j.watres.2020.116007,2020
WOS:000596432300004,10.1016/j.neuro.2020.09.038,2020
WOS:000512056300001,10.1007/s10661-020-8090-z,2020
WOS:000569155400003,10.1016/j.watres.2020.115992,2020
WOS:000536933200004,10.1016/j.apcatb.2020.118935,2020
WOS:000543956000078,10.1038/s41598-020-66399-7,2020
WOS:000514630000059,10.3390/toxins12010040,2020
WOS:000565403900001,10.1111/1750-3841.15408,2020
WOS:000617137800032,10.2166/ws.2020.110,2020
WOS:000503381200224,10.1016/j.cej.2019.122659,2020
WOS:000617139900020,10.2166/ws.2020.167,2020
WOS:000517663600018,10.1016/j.watres.2019.115432,2020
WOS:000541434400012,10.1016/j.watres.2020.115902,2020
WOS:000605130200011,10.1007/s10230-020-00737-z,2021
WOS:000694893900001,10.1007/s11270-021-05340-8,2021
WOS:000634577300010,10.1016/j.appet.2021.105147,2021
WOS:000628643000001,10.3390/w13050628,2021
WOS:000754202500006,10.1590/0102-33062020abb0476,2021
WOS:000657734800001,10.1007/s10661-021-09140-9,2021
WOS:000647608000011,10.1016/j.scitotenv.2021.146054,2021
WOS:000709341700001,10.3390/ijerph181910303,2021
WOS:000666349300001,10.3390/w13121622,2021
WOS:000615045400004,10.1016/j.jece.2020.104844,2021
WOS:000680456000002,10.2323/jgam.2020.08.001,2021
WOS:000642467500008,10.1016/j.foodchem.2021.129504,2021
WOS:000621017700008,10.1007/s11356-021-12973-z,2021
WOS:000737452400001,10.3390/w13243600,2021
WOS:000635207100043,10.1016/j.scitotenv.2021.145110,2021
WOS:000614114100077,10.1016/j.envpol.2020.116373,2021
WOS:000682890500004,10.1016/j.psep.2021.06.017,2021
WOS:000685929800003,10.1016/j.jclepro.2021.127967,2021
WOS:000631920900002,10.1007/s10661-021-08980-9,2021
WOS:000691788700014,10.1016/j.heliyon.2021.e07706,2021
WOS:000735940500001,10.3390/microorganisms9122486,2021
WOS:000543695200001,10.1007/s10201-020-00630-2,2021
WOS:000625384700049,10.1016/j.scitotenv.2020.144473,2021
WOS:000704427000001,10.2166/wh.2021.187,2021
WOS:000691258000010,10.1016/j.jenvman.2021.113304,2021
WOS:000668106900006,10.1016/j.jclepro.2021.127697,2021
WOS:000579779600001,10.1111/wej.12643,2021
WOS:000759471400049,10.1021/acs.est.1c02129,2021
WOS:000700334500004,10.1016/j.scitotenv.2021.148862,2021
WOS:000701653900003,10.1016/j.jup.2021.101295,2021
WOS:000616136500020,10.1016/j.drugalcdep.2020.108471,2021
WOS:000642100500001,10.1039/d1ew00101a,2021
WOS:000760197000003,10.1016/j.ecolind.2021.108442,2021
WOS:000631725000016,10.1016/j.chemosphere.2020.128691,2021
WOS:000559954300020,10.1007/s11356-020-10429-4,2021
WOS:000588616700020,10.1016/j.scitotenv.2020.141776,2021
WOS:000702864800008,10.1016/j.watres.2021.117549,2021
WOS:000719511800001,10.3389/fmicb.2021.741750,2021
WOS:000558256600001,10.1111/wej.12631,2021
WOS:000551395600001,10.1007/s13280-020-01358-0,2021
WOS:000586853700001,10.1089/ees.2020.0245,2021
WOS:000713194100011,10.1016/j.watres.2021.117755,2021
WOS:000674607500007,10.1016/j.jddst.2021.102574,2021
WOS:000672529300005,10.1016/j.bbr.2020.113068,2021
WOS:000599421400018,10.1016/j.watres.2020.116478,2021
WOS:000686079500005,10.1016/j.watres.2021.117327,2021
WOS:000667180400009,10.37190/epe210209,2021
WOS:000710116900002,10.1016/j.hal.2021.102099,2021
WOS:000632958900011,10.1016/j.jwpe.2020.101820,2021
WOS:000697033700002,10.1016/j.ecoenv.2021.112741,2021
WOS:000642261700122,10.1016/j.isci.2021.102381,2021
WOS:000524011400001,10.1080/09593330.2020.1743371,2021
WOS:000637217000033,10.1016/j.psep.2020.09.058,2021
WOS:000647381000007,10.1016/j.watres.2021.117111,2021
WOS:000744067300001,10.1016/j.jes.2021.03.026,2021
WOS:000696824200004,10.1016/j.envpol.2021.117772,2021
WOS:000696805300010,10.1016/j.envpol.2021.117683,2021
WOS:000715047200003,10.1016/j.teac.2021.e00149,2021
WOS:000624887000001,10.3390/w13040439,2021
WOS:000659522800020,10.1016/j.jevs.2021.103619,2021
WOS:000595086100008,10.1016/j.jhazmat.2020.123693,2021
WOS:000699667800001,10.3390/ijerph18189652,2021
WOS:000620649400011,10.1016/j.watres.2021.116848,2021
WOS:000670386400009,10.1016/j.jece.2021.105555,2021
WOS:000612266400001,10.1007/s10337-020-03994-w,2021
WOS:000609985500003,10.1007/s40201-021-00616-x,2021
WOS:000711633300004,10.1016/j.jece.2021.106588,2021
WOS:000641160200002,10.1016/j.scitotenv.2021.145462,2021
WOS:000581684900071,10.1016/j.jhazmat.2020.123356,2021
WOS:000599516200012,10.1016/j.watres.2020.116569,2021
WOS:000659971200037,10.1016/j.chemosphere.2021.130513,2021
WOS:000597027200001,10.1080/01919512.2020.1856641,2021
WOS:000672119400015,10.1007/s11356-021-15218-1,2021
WOS:000647799000007,10.1016/j.wroa.2021.100099,2021
WOS:000701265600002,10.1016/j.scitotenv.2021.149455,2021
WOS:000664771400002,10.1016/j.jhazmat.2021.126142,2021
WOS:000714148500008,10.1002/awwa.1786,2021
WOS:000701917000001,10.3390/pr9091571,2021
WOS:000605624800002,10.1016/j.watres.2020.116643,2021
WOS:000631776700022,10.1016/j.sjbs.2020.12.017,2021
WOS:000781449800001,10.3390/ijerph19074003,2022
WOS:000821146300002,10.1016/j.marpolbul.2022.113579,2022
WOS:000787171300003,10.1007/s13762-021-03834-w,2022
WOS:000711852500011,10.1016/j.jhazmat.2021.127530,2022
WOS:000807347200004,10.1016/j.watres.2022.118670,2022
WOS:000788867700026,10.5004/dwt.2022.28269,2022
WOS:000797861100008,10.1016/j.jwpe.2022.102800,2022
WOS:000862695400002,10.1016/j.jenvman.2022.115817,2022
WOS:000790561100005,10.1016/j.jece.2022.107508,2022
WOS:000724574400004,10.1016/j.cej.2021.132829,2022
WOS:000880117000001,10.1016/j.jhazmat.2022.129838,2022
WOS:000734153900002,10.1016/j.chemosphere.2021.133325,2022
WOS:000808785800001,10.3390/ani12111334,2022
WOS:000936080400005,10.5004/dwt.2022.29077,2022
WOS:000807273200001,10.1016/j.watres.2022.118595,2022
WOS:000740245600016,10.1016/j.scitotenv.2021.151921,2022
WOS:000795159200004,10.1016/j.ecoleng.2022.106565,2022
WOS:000793538700002,10.1155/2022/6702733,2022
WOS:000675772500001,10.1007/s10071-021-01531-2,2022
WOS:000866817400001,10.3390/foods11193120,2022
WOS:000800673700012,10.1016/j.scitotenv.2022.153350,2022
WOS:000704988700009,10.1016/j.chemosphere.2021.131551,2022
WOS:000793656600001,10.1016/j.aquaculture.2022.738215,2022
WOS:000853850400001,10.1007/s11270-022-05859-4,2022
WOS:000925044300008,10.30638/eemj.2022.162,2022
WOS:000861717800002,10.1016/j.chemosphere.2022.135611,2022
WOS:000862592600009,10.1016/j.scitotenv.2022.158626,2022
WOS:000845163800001,10.3390/toxics10080485,2022
WOS:000734396500002,10.1016/j.jhazmat.2021.128056,2022
WOS:000729784100002,10.1007/s10661-021-09557-2,2022
WOS:000762689600003,10.1016/j.jhazmat.2022.128435,2022
WOS:000905243700005,10.1016/j.heliyon.2022.e12247,2022
WOS:000819371600002,10.1007/s00253-022-12013-x,2022
WOS:000851996500001,10.3390/w14172670,2022
WOS:000881803400008,10.1016/j.jksus.2022.102232,2022
WOS:000861226400002,10.1016/j.jenvman.2022.116225,2022
WOS:000821892200004,10.1007/s11270-022-05728-0,2022
WOS:000838937100001,10.3390/ijerph19159294,2022
WOS:000781550800004,10.1016/j.jwpe.2022.102711,2022
WOS:000819839200001,10.1016/j.foodchem.2022.132170,2022
WOS:000855746700001,10.2166/wh.2022.100,2022
WOS:000861394800006,10.1016/j.jclepro.2022.133762,2022
WOS:000799264500001,10.3390/nu14091721,2022
WOS:000821504500007,10.1016/j.watres.2022.118417,2022
WOS:000831605800007,10.1016/j.watres.2022.118787,2022
WOS:000843513800001,10.1038/s41545-022-00181-2,2022
WOS:000883435100001,10.2112/JCOASTRES-D-21-00101.1,2022
WOS:000865174100008,10.1007/s00284-022-03052-8,2022
WOS:000793070200009,10.1016/j.aca.2022.339729,2022
WOS:000883726400001,10.2166/aqua.2022.133,2022
WOS:000743241500007,10.1016/j.scitotenv.2021.152804,2022
WOS:000795169500001,10.3390/fishes7010034,2022
WOS:001128426100002,10.1016/j.jwpe.2022.103044,2022
WOS:000853930200006,10.1061/(ASCE)EE.1943-7870.0002053,2022
WOS:000862607500003,10.37190/epe220303,2022
WOS:000722864000001,10.1111/1758-2229.13031,2022
WOS:000800006400004,10.1016/j.cej.2022.136535,2022
WOS:000730783800003,10.1016/j.envres.2021.112308,2022
WOS:000698576900002,10.1007/s11356-021-16593-5,2022
WOS:000677903900001,10.1080/07900627.2021.1940105,2022
WOS:000692742600001,10.2166/ws.2021.292,2022
WOS:000782777200002,10.1007/s00339-022-05524-x,2022
WOS:000814693500002,10.1016/j.neuro.2022.05.007,2022
WOS:000892100100097,10.1371/journal.pone.0275318,2022
WOS:000752516100003,10.1016/j.jhazmat.2021.127904,2022
WOS:000758284200002,10.1016/j.chemosphere.2021.133419,2022
WOS:000815635000004,10.3103/S1063455X22020084,2022
WOS:000800388400001,10.2166/wh.2022.060,2022
WOS:000695338300001,10.1002/pat.5489,2022
WOS:000791202000003,10.1016/j.ntt.2022.107088,2022
WOS:000870343700001,10.1016/j.alcohol.2022.07.002,2022
WOS:000816989100014,10.1016/j.scitotenv.2022.156406,2022
WOS:000876334900001,10.1039/d2ew00046f,2022
WOS:000931688200001,10.1016/j.envres.2023.115260,2023
WOS:001024918800001,10.1038/s41545-023-00264-8,2023
WOS:001043787000001,10.1021/acs.est.3c00719,2023
WOS:001110247500001,10.1016/j.jece.2023.111185,2023
WOS:001104078300001,10.1016/j.mcat.2023.113616,2023
WOS:001061657300001,10.1016/j.trac.2023.117224,2023
WOS:001041899600001,10.3389/fevo.2023.1216567,2023
WOS:001056227100001,10.3390/foods12163063,2023
WOS:001005557800001,10.1186/s12302-023-00746-z,2023
WOS:001096711800010,10.17159/wsa/2023.v49.i4.4029,2023
WOS:001077707000001,10.1016/j.scitotenv.2023.166998,2023
WOS:001098273600001,10.3390/catal13101356,2023
WOS:001077259800001,10.3390/microorganisms11092133,2023
WOS:001035708700001,10.1016/j.watres.2023.120219,2023
WOS:001084346400001,10.1016/j.envint.2023.108214,2023
WOS:000906129500003,10.1007/s11270-022-06039-0,2023
WOS:000934477300001,10.2166/ws.2023.037,2023
WOS:001062488400001,10.2989/16085914.2023.2231513,2023
WOS:001116261100001,10.3390/w15234107,2023
WOS:001059640500001,10.1016/j.spc.2023.07.028,2023
WOS:000958660900001,10.3390/w15061157,2023
WOS:001054616900005,10.1007/s11270-023-06490-7,2023
WOS:000984757600001,10.1016/j.jhazmat.2023.131446,2023
WOS:000915228500001,10.3390/ijerph20021019,2023
WOS:001028991800001,10.1016/j.physbeh.2023.114269,2023
WOS:000957072100001,10.1016/j.envres.2023.115677,2023
WOS:000927973700001,10.1016/j.jwpe.2023.103518,2023
WOS:001062778800001,10.1016/j.seppur.2023.124766,2023
WOS:000929071800003,10.4194/TRJFAS21811,2023
WOS:001082192600001,10.1016/j.fochx.2023.100750,2023
WOS:000963612300001,10.1016/j.watres.2023.119667,2023
WOS:001050854000001,10.1039/d3ew00282a,2023
WOS:000945984600001,10.1016/j.watres.2023.119693,2023
WOS:000933429000003,10.1007/s00253-023-12397-4,2023
WOS:000906906400007,10.1016/j.scitotenv.2022.159465,2023
WOS:001105318900001,10.1016/j.heliyon.2023.e21580,2023
WOS:001074162900001,10.3390/microorganisms11092332,2023
WOS:000952508500001,10.2478/aoas-2023-0023,2023
WOS:000962423900001,10.1016/j.chemosphere.2023.138328,2023
WOS:000999923600001,10.1016/j.isci.2023.106612,2023
WOS:000989008600001,10.1016/j.jhazmat.2023.131429,2023
WOS:001059402900001,10.1016/j.eti.2023.103314,2023
WOS:001162804100011,10.1128/msystems.00379-23,2023
WOS:001050004400031,10.1038/s41598-023-40512-y,2023
WOS:001149894400001,10.1016/j.watres.2023.120559,2023
WOS:000963328300001,10.1016/j.envint.2023.107770,2023
WOS:001178324200019,10.5004/dwt.2023.30127,2023
WOS:000905229500002,10.1016/j.scitotenv.2022.160014,2023
WOS:000925691000001,10.1016/j.apgeochem.2022.105547,2023
WOS:001094525800001,10.1016/j.watres.2023.120485,2023
WOS:000896882000009,10.1016/j.foodcont.2022.109530,2023
WOS:000965457100001,10.1080/10942912.2023.2199947,2023
WOS:001015410000001,10.1016/j.seppur.2023.124206,2023
WOS:001053006000001,10.1016/j.watres.2023.120342,2023
WOS:001070961700001,10.1016/j.seppur.2023.124899,2023
WOS:001107303900197,10.1128/spectrum.02561-23,2023
WOS:000995616800001,10.3390/app13106110,2023
WOS:001011641300001,10.1016/j.ijbiomac.2023.125023,2023
WOS:000928270100005,10.1016/j.jwpe.2022.103437,2023
WOS:000938296300001,10.3390/chemosensors11020084,2023
WOS:001114421500001,10.1021/acs.est.3c06586,2023
WOS:000981551200001,10.1016/j.jwpe.2023.103705,2023
WOS:001031053900001,10.3390/ani13132055,2023
WOS:001083638800001,10.1016/j.jwpe.2023.104329,2023
WOS:000924977000001,10.1016/j.watres.2023.119618,2023
WOS:001114579100001,10.1016/j.hal.2023.102527,2023
WOS:000974372800001,10.1016/j.chemosphere.2023.137769,2023
WOS:000905670000001,10.1016/j.jwpe.2022.103406,2023
WOS:000958800100001,10.3390/w15061161,2023
WOS:001138499200022,10.15244/pjoes/169016,2023
WOS:000851589200001,10.1080/01919512.2022.2117131,2023
WOS:000900035900005,10.1016/j.seppur.2022.122365,2023
WOS:000981135700001,10.3390/microorganisms11040872,2023
WOS:000894441100001,10.1007/s11355-022-00533-7,2023
WOS:000985232500055,10.1038/s41598-023-28543-x,2023
WOS:001034778200021,10.1007/s11356-023-27506-z,2023
WOS:000990724300001,10.1158/1055-9965.EPI-22-0926,2023
WOS:001220767100001,10.1016/j.jwpe.2024.105140,2024
WOS:001384938700001,10.3390/d16120720,2024
WOS:001221341500001,10.1016/j.algal.2024.103465,2024
WOS:001325295300001,10.2166/wh.2024.166,2024
WOS:001227582400001,10.1016/j.desal.2024.117607,2024
WOS:001327731200001,10.1039/d4ew00645c,2024
WOS:001329622200001,10.1016/j.watres.2024.122540,2024
WOS:001348691300001,10.2166/wh.2024.277,2024
WOS:001345812300001,10.1021/acs.est.4c10988,2024
WOS:001312079000001,10.1016/j.cej.2024.155480,2024
WOS:001141728100001,10.1016/j.jiec.2023.09.048,2024
WOS:001265397500001,10.1016/j.jwpe.2024.105730,2024
WOS:001307726500001,10.1021/acs.est.4c02575,2024
WOS:001293376600001,10.1016/j.jhazmat.2024.134367,2024
WOS:001311461900001,10.3390/su16177625,2024
WOS:001307235200001,10.3390/cells13161386,2024
WOS:001293881400001,10.1016/j.scitotenv.2024.175316,2024
WOS:001268380200001,10.1016/j.jhazmat.2024.135145,2024
WOS:001230637700001,10.1016/j.scitotenv.2024.172227,2024
WOS:001293053500001,10.1016/j.watres.2024.122219,2024
WOS:001183415900001,10.3390/su16052043,2024
WOS:001219644300001,10.1016/j.jwpe.2024.105125,2024
WOS:001208974800001,10.1016/j.ecoenv.2024.116198,2024
WOS:001144066400005,10.1007/s11356-024-31848-7,2024
WOS:001290562300001,10.1016/j.aqrep.2024.102290,2024
WOS:001310352000001,10.3389/fenvs.2024.1433586,2024
WOS:000917861100001,10.1080/09593330.2023.2165455,2024
WOS:001307619100002,10.1007/s00343-024-4034-8,2024
WOS:001277179300001,10.1016/j.jclepro.2024.143155,2024
WOS:001150917500001,10.3390/w16020280,2024
WOS:001323598000001,10.3390/w16182666,2024
WOS:001127996500001,10.1016/j.scitotenv.2023.168713,2024
WOS:001222761500001,10.1016/j.heliyon.2024.e28926,2024
WOS:001359217700001,10.1002/awwa.2369,2024
WOS:001218358700001,10.1016/j.seppur.2024.126991,2024
WOS:001299536300001,10.1016/j.limno.2024.126183,2024
WOS:001317001900001,10.1016/j.jhazmat.2024.135708,2024
WOS:001352123300001,10.3390/w16213128,2024
WOS:001305546800001,10.3390/app14167325,2024
WOS:001163791700002,10.1007/s00204-024-03682-w,2024
WOS:001171727600001,10.1016/j.jhazmat.2024.133539,2024
WOS:001195576900015,10.1038/s41598-024-57329-y,2024
WOS:001316765000001,10.1016/j.watres.2024.122364,2024
WOS:001257363500001,10.3390/toxins16060264,2024
WOS:001121088800001,10.1111/mcn.13575,2024
WOS:001130276500005,10.1007/s11356-023-31329-3,2024
WOS:001185909700007,10.1002/awwa.2244,2024
WOS:001145029400001,10.1016/j.seppur.2023.126030,2024
WOS:001270190800001,10.3390/w16131768,2024
WOS:001329624300001,10.1016/j.jopan.2023.12.024,2024
WOS:001237562700001,10.1016/j.tifs.2024.104502,2024
WOS:001385637300001,10.3390/microorganisms12122610,2024
WOS:001227037800001,10.1016/j.jece.2024.112728,2024
WOS:001286999300001,10.3390/healthcare12151520,2024
WOS:001339323900001,10.1016/j.jhazmat.2023.132531,2024
WOS:001144437200001,10.1016/j.scitotenv.2023.169249,2024
WOS:001272717500001,10.1016/j.jenvman.2024.121828,2024
WOS:001102256100001,10.1016/j.pep.2023.106379,2024
WOS:001139731400001,10.3390/electronics13010063,2024
WOS:001256812700001,10.1088/1681-7575/ad5846,2024
WOS:001285314600001,10.1007/s00203-024-04099-w,2024
WOS:001238321500001,10.1016/j.jwpe.2024.105338,2024
WOS:001257799200001,10.1016/j.psep.2024.05.134,2024
WOS:001160068700001,10.3390/w16030455,2024
WOS:001242265300001,10.1021/acsomega.3c10175,2024
WOS:001264227200001,10.1016/j.seppur.2024.128050,2024
WOS:001360094700001,10.1016/j.scib.2024.06.018,2024
WOS:001164184500001,10.1016/j.jes.2023.08.030,2024
WOS:001180525800002,10.1155/2024/8858457,2024
WOS:001133294500001,10.1016/j.scitotenv.2023.168920,2024
WOS:001259807100001,10.1016/j.ecohyd.2024.03.004,2024
WOS:001180411100001,10.1016/j.watres.2024.121199,2024
WOS:001351346300001,10.1016/j.crfs.2024.100912,2024
WOS:001319023900001,10.1016/j.watres.2024.122461,2024
WOS:001211135500001,10.3390/atmos15040484,2024
WOS:001527088200001,10.3390/w17132034,2025
WOS:001476288000001,10.1016/j.jece.2025.116530,2025
WOS:001340230500001,10.1007/s00267-024-02071-4,2025
WOS:001423549400001,10.1016/j.eti.2025.104042,2025
WOS:001572957000044,10.1371/journal.pone.0332274,2025
WOS:001259103900001,10.1016/j.seppur.2024.128429,2025
WOS:001357186100001,10.1016/j.watres.2024.122767,2025
WOS:001454256800001,10.1016/j.jer.2023.10.016,2025
WOS:001499416300002,10.2166/aqua.2025.249,2025
WOS:001609627600004,10.1016/j.jece.2025.119871,2025
WOS:001648139200001,10.3390/w17243467,2025
WOS:001603792500001,10.3390/biology14101377,2025
WOS:001523935600001,10.1039/d5ew00412h,2025
WOS:001464724600001,10.3390/w17070956,2025
WOS:001316351100001,10.1007/s13280-024-02076-7,2025
WOS:001589515400010,10.1016/j.watres.2025.124392,2025
WOS:001402222300001,10.1016/j.watres.2024.123020,2025
WOS:001437280500001,10.1016/j.watres.2025.123336,2025
WOS:001413508000001,10.1016/j.jwpe.2025.107099,2025
WOS:001542702000002,10.1016/j.dwt.2025.101340,2025
WOS:001488590500002,10.1007/s11270-025-08077-w,2025
WOS:001444415800001,10.1039/d4ew00944d,2025
WOS:001491751300006,10.1007/s11270-025-08104-w,2025
WOS:001491767000002,10.1016/j.jhazmat.2025.138508,2025
WOS:001422369300001,10.1016/j.jwpe.2025.106947,2025
WOS:001550970200006,10.3791/67280,2025
WOS:001546939800002,10.1016/j.compbiolchem.2025.108604,2025
WOS:001530358600001,10.1093/alcalc/agaf042,2025
WOS:001531104400001,10.1007/s10068-025-01953-5,2025
WOS:001560768600001,10.1016/j.jup.2025.102027,2025
WOS:001453308000001,10.3390/w17060799,2025
WOS:001574604000008,10.1002/awwa.2501,2025
WOS:001489835000001,10.3390/w17081236,2025
WOS:001637279100001,10.1088/1748-9326/ae2696,2025
WOS:001528121100002,10.1016/j.watres.2025.124078,2025
WOS:001361165200001,10.1016/j.watres.2024.122764,2025
WOS:001505139100003,10.1016/j.watres.2025.123892,2025
WOS:001373781300001,10.1016/j.biortech.2024.131915,2025
WOS:001547308100009,10.1016/j.biortech.2025.133087,2025
WOS:001629000200001,10.1007/s13762-025-06807-5,2025
WOS:001507857900001,10.1007/s00203-025-04377-1,2025
WOS:001585909700001,10.1016/j.jece.2025.119479,2025
WOS:001447788700001,10.1080/09593330.2025.2478182,2025
WOS:001489521900001,10.1021/acs.est.5c04330,2025
WOS:001624156900001,10.3390/molecules30224348,2025
WOS:001608030200001,10.1016/j.jenvman.2025.127573,2025
WOS:001430841800001,10.1016/j.cej.2025.160677,2025
WOS:001570790800001,10.3389/fenvs.2025.1660425,2025
WOS:001501753900001,10.1515/pac-2025-0408,2025
WOS:001541324800002,10.1016/j.jwpe.2025.108407,2025
WOS:001605622000003,10.1016/j.jhazmat.2025.140118,2025
WOS:001554601100001,10.1007/s10661-025-14505-5,2025
WOS:001626646200001,10.3389/fpubh.2025.1680988,2025
WOS:001371320300001,10.1089/ees.2024.0187,2025
WOS:001461312100001,10.1080/09593330.2025.2486793,2025
WOS:001483943400001,10.1016/j.jece.2025.116834,2025
WOS:001542461200005,10.1016/j.jenvman.2025.126616,2025
WOS:001404703500001,10.3390/w17020139,2025
WOS:001488612400001,10.1007/s11783-025-2008-5,2025
WOS:001523765300002,10.1140/epjp/s13360-025-06559-8,2025
WOS:001474700700001,10.3390/atmos16040362,2025
WOS:001456556700001,10.1016/j.cej.2025.161678,2025
WOS:001571396300001,10.1080/10402381.2025.2543788,2025
WOS:001374546700001,10.1016/j.envres.2024.120500,2025
WOS:001425713700001,10.1016/j.jenvman.2025.124459,2025
WOS:001464431100001,10.1016/j.watres.2025.123573,2025
WOS:001582955400002,10.1016/j.jenvman.2025.127396,2025
WOS:001369423600002,10.1097/JCN.0000000000000953,2025
WOS:001411954200001,10.1016/j.nlm.2024.108019,2025
WOS:001486742200001,10.1128/aem.00686-25,2025
WOS:001636838200001,10.1002/fsn3.71339,2025
WOS:001647466700001,10.3390/life15121933,2025
WOS:001432197900001,10.1016/j.jelechem.2025.119028,2025
WOS:001549686500001,10.3390/su17157107,2025
WOS:001489800900001,10.1016/j.cej.2025.162892,2025
WOS:001394843200001,10.3390/w17010079,2025
WOS:001657494600001,10.1177/15579018251410727,2026
WOS:001703874300001,10.1111/joss.70120,2026
WOS:001610690800004,10.1016/j.snb.2025.139033,2026
WOS:001626995600001,10.1016/j.watres.2025.124965,2026
WOS:001698893000001,10.1093/jambio/lxag026,2026
WOS:001682964400002,10.4491/eer.2025.081,2026
WOS:001609127400001,10.1016/j.watres.2025.124848,2026
WOS:001696263000001,10.1016/j.jece.2026.121855,2026
WOS:001650664300001,10.1016/j.envpol.2025.127397,2026
WOS:001662076100001,10.1080/00318884.2025.2603640,2026
WOS:001669683100001,10.1016/j.chroma.2026.466703,2026
WOS:001596142200003,10.1016/j.jes.2025.04.002,2026
WOS:001528445800001,10.1016/j.talanta.2025.128529,2026
WOS:001695412000001,10.1016/j.jece.2026.121801,2026
WOS:001693446400006,10.1002/awwa.70041,2026
WOS:001653288100004,10.1007/s11270-025-09060-1,2026
WOS:001671931400001,10.3390/w18020231,2026
WOS:001707631000001,10.1021/acsomega.5c08792,2026
WOS:001616164000002,10.1016/j.jconhyd.2025.104760,2026
WOS:001698972500001,10.1016/j.watres.2026.125548,2026
WOS:001622133100001,10.1016/j.aquatox.2025.107646,2026
WOS:001665338500001,10.1016/j.jhazmat.2026.141030,2026
WOS:001661788400002,10.1016/j.aca.2026.345051,2026
